Group00_Index,Channel_Name,Crate,Card,Channel,Vset,Enabled,Flagged,Groups,,,,,,
0,LUX_E2,0,0,0,1562,1,0,GROUP00;ACTIVE;TANK;CAEN,,,,,,
1,LUX_N2,0,0,1,1239,0,1,GROUP00,,,,,,
2,LUX_S1,0,0,2,1702,1,0,GROUP00;ACTIVE;TANK;CAEN,,,,,,
3,LUX_S4,0,0,3,1197,1,0,GROUP00;ACTIVE;TANK;CAEN,,,,,,
4,LUX_W4,0,0,4,1471,1,0,GROUP00;ACTIVE;TANK;CAEN,,,,,,
5,LUX_N4,0,0,5,1714,1,0,GROUP00;ACTIVE;TANK;CAEN,,,,,,
6,LUX_S2,0,0,6,1239,1,0,GROUP00;ACTIVE;TANK;CAEN,,,,,,
7,LUX_E3,0,0,7,1639,1,0,GROUP00;ACTIVE;TANK;CAEN,,,,,,
8,LUX_E4,0,0,8,1438,1,0,GROUP00;ACTIVE;TANK;CAEN,,,,,,
9,LUX_S5,0,0,9,1290,1,0,GROUP00;ACTIVE;TANK;CAEN,,,,,,
10,LUX_N5,0,0,10,1747,1,0,GROUP00;ACTIVE;TANK;CAEN,,,,,,
11,LUX_W3,0,0,11,1236,1,0,GROUP00;ACTIVE;TANK;CAEN,,,,,,
12,LUX_W1,0,0,12,1316,1,0,GROUP00;ACTIVE;TANK;CAEN,,,,,,
13,LUX_E5,0,0,13,1716,1,0,GROUP00;ACTIVE;TANK;CAEN,,,,,,
14,LUX_E1,0,0,14,1204,0,1,GROUP00,,,,,,
15,LUX_N1,0,0,15,1241,1,0,GROUP00;ACTIVE;TANK;CAEN,,,,,,
16,LUX_W2,0,1,0,1250,1,0,GROUP00;ACTIVE;TANK;CAEN,,,,,,
17,LUX_S3,0,1,1,1205,1,0,GROUP00,,,,,,
18,LUX_N3,0,1,2,1590,1,0,GROUP00;ACTIVE;TANK;CAEN,,,,,,
19,LUX_W5,0,1,3,1558,1,0,GROUP00;ACTIVE;TANK;CAEN,,,,,,
20,CH_0_1_4,0,1,4,0,1,0,GROUP00;TANK;CAEN;SPARE,,,,,,
21,CH_0_1_5,0,1,5,0,1,0,GROUP00;TANK;CAEN;SPARE,,,,,,
22,CH_0_1_6,0,1,6,0,1,0,GROUP00;TANK;CAEN;SPARE,,,,,,
23,CH_0_1_7,0,1,7,0,1,0,GROUP00;TANK;CAEN;SPARE,,,,,,
24,CH_0_1_8,0,1,8,0,1,0,GROUP00;TANK;CAEN;SPARE,,,,,,
25,CH_0_1_9,0,1,9,0,1,0,GROUP00;TANK;CAEN;SPARE,,,,,,
26,CH_0_1_10,0,1,10,0,1,0,GROUP00;TANK;CAEN;SPARE,,,,,,
27,CH_0_1_11,0,1,11,0,1,0,GROUP00;TANK;CAEN;SPARE,,,,,,
28,CH_0_1_12,0,1,12,0,1,0,GROUP00;TANK;CAEN;SPARE,,,,,,
29,CH_0_1_13,0,1,13,0,1,0,GROUP00;TANK;CAEN;SPARE,,,,,,
30,CH_0_1_14,0,1,14,0,1,0,GROUP00;TANK;CAEN;SPARE,,,,,,
31,CH_0_1_15,0,1,15,0,1,0,GROUP00;TANK;CAEN;SPARE,,,,,,
32,ETEL_116,0,2,0,1467,1,0,GROUP00,,,,,,
33,ETEL_134,0,2,1,1811,1,0,GROUP00;ACTIVE;TANK;CAEN,,,,,,
34,ETEL_146,0,2,2,1658,1,0,GROUP00;ACTIVE;TANK;CAEN,,,,,,
35,ETEL_127,0,2,3,1403,1,0,GROUP00;ACTIVE;TANK;CAEN,,,,,,
36,ETEL_117,0,2,4,1267,1,0,GROUP00;ACTIVE;TANK;CAEN,,,,,,
37,ETEL_701,0,2,5,1587,1,0,GROUP00;ACTIVE;TANK;CAEN,,,,,,
38,ETEL_704,0,2,6,1932,1,0,GROUP00;ACTIVE;TANK;CAEN,,,,,,
39,ETEL_719,0,2,7,1707,1,0,GROUP00;ACTIVE;TANK;CAEN,,,,,,
40,ETEL_105,0,2,8,1550,1,0,GROUP00;ACTIVE;TANK;CAEN,,,,,,
41,ETEL_703,0,2,9,1725,1,0,GROUP00;ACTIVE;TANK;CAEN,,,,,,
42,ETEL_119,0,2,10,1672,1,0,GROUP00;ACTIVE;TANK;CAEN,,,,,,
43,ETEL_112,0,2,11,1577,1,0,GROUP00;ACTIVE;TANK;CAEN,,,,,,
44,ETEL_135,0,2,12,1408,1,0,GROUP00;ACTIVE;TANK;CAEN,,,,,,
45,ETEL_136,0,2,13,1367,1,0,GROUP00;ACTIVE;TANK;CAEN,,,,,,
46,ETEL_716,0,2,14,1663,1,0,GROUP00;ACTIVE;TANK;CAEN,,,,,,
47,ETEL_103,0,2,15,1553,1,0,GROUP00;ACTIVE;TANK;CAEN,,,,,,
48,ETEL_129,0,3,0,1426,1,0,GROUP00;ACTIVE;TANK;CAEN,,,,,,
49,CH_0_3_1,0,3,1,0,1,0,GROUP00;TANK;CAEN;SPARE,,,,,,
50,ETEL_128,0,3,2,1448,1,0,GROUP00;ACTIVE;TANK;CAEN,,,,,,
51,ETEL_714,0,3,3,1389,1,0,GROUP00;ACTIVE;TANK;CAEN,,,,,,
52,ETEL_715,0,3,1,1463,1,0,GROUP00;ACTIVE;TANK;CAEN,,,,,,
53,CH_0_3_5,0,3,5,0,1,0,GROUP00;TANK;CAEN;SPARE,,,,,,
54,CH_0_3_6,0,3,6,0,1,0,GROUP00;TANK;CAEN;SPARE,,,,,,
55,CH_0_3_7,0,3,7,0,1,0,GROUP00;TANK;CAEN;SPARE,,,,,,
56,CH_0_3_8,0,3,8,0,1,0,GROUP00;TANK;CAEN;SPARE,,,,,,
57,CH_0_3_9,0,3,9,0,1,0,GROUP00;TANK;CAEN;SPARE,,,,,,
58,CH_0_3_10,0,3,10,0,1,0,GROUP00;TANK;CAEN;SPARE,,,,,,
59,CH_0_3_11,0,3,11,0,1,0,GROUP00;TANK;CAEN;SPARE,,,,,,
60,CH_0_3_12,0,3,12,0,1,0,GROUP00;TANK;CAEN;SPARE,,,,,,
61,CH_0_3_13,0,3,13,0,1,0,GROUP00;TANK;CAEN;SPARE,,,,,,
62,CH_0_3_14,0,3,14,0,1,0,GROUP00;TANK;CAEN;SPARE,,,,,,
63,CH_0_3_15,0,3,15,0,1,0,GROUP00;TANK;CAEN;SPARE,,,,,,
64,HM_370,0,4,0,1600,1,0,GROUP00;ACTIVE;TANK;CAEN,,,,,,
65,HM_356,0,4,1,1690,1,0,GROUP00;ACTIVE;TANK;CAEN,,,,,,
66,HM_397,0,4,2,1700,1,0,GROUP00;ACTIVE;TANK;CAEN,,,,,,
67,HM_371,0,4,3,1510,1,0,GROUP00;ACTIVE;TANK;CAEN,,,,,,
68,HM_395,0,4,4,1630,1,0,GROUP00;ACTIVE;TANK;CAEN,,,,,,
69,HM_402,0,4,5,1490,1,0,GROUP00;ACTIVE;TANK;CAEN,,,,,,
70,HM_377,0,4,6,1530,1,0,GROUP00;ACTIVE;TANK;CAEN,,,,,,
71,HM_381,0,4,7,1620,1,0,GROUP00;ACTIVE;TANK;CAEN,,,,,,
72,HM_375,0,4,8,1550,1,0,GROUP00;ACTIVE;TANK;CAEN,,,,,,
73,HM_364,0,4,9,1590,1,0,GROUP00;ACTIVE;TANK;CAEN,,,,,,
74,WM_116,0,4,10,1500,1,0,GROUP00;ACTIVE;TANK;CAEN,,,,,,
75,HM_385,0,4,11,1580,1,0,GROUP00;ACTIVE;TANK;CAEN,,,,,,
76,HM_365,0,4,12,1570,1,0,GROUP00;ACTIVE;TANK;CAEN,,,,,,
77,HM_358,0,4,13,1590,1,0,GROUP00;ACTIVE;TANK;CAEN,,,,,,
78,HM_363,0,4,14,1730,1,0,GROUP00;ACTIVE;TANK;CAEN,,,,,,
79,HM_361,0,4,15,1610,1,0,GROUP00;ACTIVE;TANK;CAEN,,,,,,
80,HM_359,0,5,0,1510,1,0,GROUP00;ACTIVE;TANK;CAEN,,,,,,
81,HM_382,0,5,1,1650,1,0,GROUP00;ACTIVE;TANK;CAEN,,,,,,
82,HM_400,0,5,2,1570,1,0,GROUP00;ACTIVE;TANK;CAEN,,,,,,
83,HM_362,0,5,3,1580,1,0,GROUP00;ACTIVE;TANK;CAEN,,,,,,
84,HM_376,0,5,4,1600,1,0,GROUP00;ACTIVE;TANK;CAEN,,,,,,
85,WM_119,0,5,5,1500,1,0,GROUP00;ACTIVE;TANK;CAEN,,,,,,
86,HM_366,0,5,6,1560,1,0,GROUP00;ACTIVE;TANK;CAEN,,,,,,
87,HM_399,0,5,7,1590,1,0,GROUP00;ACTIVE;TANK;CAEN,,,,,,
88,HM_367,0,5,8,1390,1,0,GROUP00;ACTIVE;TANK;CAEN,,,,,,
89,HM_373,0,5,9,1610,1,0,GROUP00;ACTIVE;TANK;CAEN,,,,,,
90,HM_401,0,5,10,1510,1,0,GROUP00;ACTIVE;TANK;CAEN,,,,,,
91,HM_368,0,5,11,1650,1,0,GROUP00;ACTIVE;TANK;CAEN,,,,,,
92,HM_372,0,5,12,1500,1,0,GROUP00;ACTIVE;TANK;CAEN,,,,,,
93,HM_398,0,5,13,1660,1,0,GROUP00;ACTIVE;TANK;CAEN,,,,,,
94,HM_374,0,5,14,1650,1,0,GROUP00;ACTIVE;TANK;CAEN,,,,,,
95,HM_396,0,5,15,1720,1,0,GROUP00;ACTIVE;TANK;CAEN,,,,,,
96,WM_120,0,6,0,1500,1,0,GROUP00;ACTIVE;TANK;CAEN,,,,,,
97,WM_114,0,6,1,1500,1,0,GROUP00;ACTIVE;TANK;CAEN,,,,,,
98,HM_391,0,6,2,1490,1,0,GROUP00;ACTIVE;TANK;CAEN,,,,,,
99,HM_383,0,6,3,1620,1,0,GROUP00;ACTIVE;TANK;CAEN,,,,,,
100,HM_388,0,6,4,1720,1,0,GROUP00;ACTIVE;TANK;CAEN,,,,,,
101,HM_393,0,6,5,1490,1,0,GROUP00;ACTIVE;TANK;CAEN,,,,,,
102,HM_389,0,6,6,1460,1,0,GROUP00;ACTIVE;TANK;CAEN,,,,,,
103,HM_384,0,6,7,1750,1,0,GROUP00;ACTIVE;TANK;CAEN,,,,,,
104,HM_394,0,6,8,1580,1,0,GROUP00;ACTIVE;TANK;CAEN,,,,,,
105,HM_386,0,6,9,1500,1,0,GROUP00;ACTIVE;TANK;CAEN,,,,,,
106,HM_390,0,6,10,1530,1,0,GROUP00;ACTIVE;TANK;CAEN,,,,,,
107,HM_387,0,6,11,1750,1,0,GROUP00;ACTIVE;TANK;CAEN,,,,,,
108,CH_0_6_12,0,6,12,0,1,0,GROUP00;TANK;CAEN;SPARE,,,,,,
109,CH_0_6_13,0,6,13,0,1,0,GROUP00;TANK;CAEN;SPARE,,,,,,
110,CH_0_6_14,0,6,14,0,1,0,GROUP00;TANK;CAEN;SPARE,,,,,,
111,CH_0_6_15,0,6,15,0,1,0,GROUP00;TANK;CAEN;SPARE,,,,,,
112,WB_003,0,7,0,1603,1,0,GROUP00;ACTIVE;TANK;CAEN,,,,,,
113,WB_015,0,7,1,1492,1,0,GROUP00;ACTIVE;TANK;CAEN,,,,,,
114,WB_007,0,7,2,1400,1,0,GROUP00;ACTIVE;TANK;CAEN,,,,,,
115,WB_034,0,7,3,1488,1,0,GROUP00;ACTIVE;TANK;CAEN,,,,,,
116,WB_002,0,7,4,1410,1,0,GROUP00;ACTIVE;TANK;CAEN,,,,,,
117,WB_040,0,7,5,1367,1,0,GROUP00;ACTIVE;TANK;CAEN,,,,,,
118,WB_023,0,7,6,1422,1,0,GROUP00;ACTIVE;TANK;CAEN,,,,,,
119,WB_004,0,7,7,1490,1,0,GROUP00;ACTIVE;TANK;CAEN,,,,,,
120,WB_017,0,7,8,1451,1,0,GROUP00;ACTIVE;TANK;CAEN,,,,,,
121,WB_022,0,7,9,1326,1,0,GROUP00;ACTIVE;TANK;CAEN,,,,,,
122,WB_010,0,7,10,2015,1,0,GROUP00;ACTIVE;TANK;CAEN,,,,,,
123,WB_014,0,7,11,1581,1,0,GROUP00;ACTIVE;TANK;CAEN,,,,,,
124,WB_043,0,7,12,1256,1,0,GROUP00;ACTIVE;TANK;CAEN,,,,,,
125,WB_048,0,7,13,1480,1,0,GROUP00;ACTIVE;TANK;CAEN,,,,,,
126,WB_049,0,7,14,1480,1,0,GROUP00;ACTIVE;TANK;CAEN,,,,,,
127,WB_036,0,7,15,1441,0,1,GROUP00,,,,,,
128,WB_038,0,8,0,1420,1,0,GROUP00;ACTIVE;TANK;CAEN,,,,,,
129,WB_013,0,8,1,1584,1,0,GROUP00;ACTIVE;TANK;CAEN,,,,,,
130,WB_039,0,8,2,1405,1,0,GROUP00;ACTIVE;TANK;CAEN,,,,,,
131,WB_037,0,8,3,1457,1,0,GROUP00;ACTIVE;TANK;CAEN,,,,,,
132,WB_029,0,8,4,1512,1,0,GROUP00;ACTIVE;TANK;CAEN,,,,,,
133,WB_041,0,8,5,1671,1,0,GROUP00;ACTIVE;TANK;CAEN,,,,,,
134,WB_006,0,8,6,1440,1,0,GROUP00;ACTIVE;TANK;CAEN,,,,,,
135,WB_026,0,8,7,1416,1,0,GROUP00;ACTIVE;TANK;CAEN,,,,,,
136,WB_045,0,8,8,1444,1,0,GROUP00;ACTIVE;TANK;CAEN,,,,,,
137,WB_028,0,8,9,1315,1,0,GROUP00;ACTIVE;TANK;CAEN,,,,,,
138,WB_019,0,8,10,1670,1,0,GROUP00;ACTIVE;TANK;CAEN,,,,,,
139,WB_021,0,8,11,1546,1,0,GROUP00;ACTIVE;TANK;CAEN,,,,,,
140,WB_031,0,8,12,1532,0,1,GROUP00,,,,,,
141,WB_042,0,8,13,1425,1,0,GROUP00;ACTIVE;TANK;CAEN,,,,,,
142,WB_046,0,8,14,1480,1,0,GROUP00;ACTIVE;TANK;CAEN,,,,,,
143,WB_009,0,8,15,1460,1,0,GROUP00;ACTIVE;TANK;CAEN,,,,,,
144,WB_035,0,9,0,1487,1,0,GROUP00;ACTIVE;TANK;CAEN,,,,,,
145,WB_020,0,9,1,1500,1,0,GROUP00;ACTIVE;TANK;CAEN,,,,,,
146,WB_024,0,9,2,1420,1,0,GROUP00;ACTIVE;TANK;CAEN,,,,,,
147,WB_018,0,9,3,1341,1,0,GROUP00;ACTIVE;TANK;CAEN,,,,,,
148,WB_027,0,9,4,1469,1,0,GROUP00;ACTIVE;TANK;CAEN,,,,,,
149,WB_008,0,9,5,1530,1,0,GROUP00;ACTIVE;TANK;CAEN,,,,,,
150,WB_030,0,9,6,1621,1,0,GROUP00;ACTIVE;TANK;CAEN,,,,,,
151,WB_011,0,9,7,1687,1,0,GROUP00;ACTIVE;TANK;CAEN,,,,,,
152,WB_033,0,9,8,1627,1,0,GROUP00;ACTIVE;TANK;CAEN,,,,,,
153,WB_005,0,9,9,1312,1,0,GROUP00;ACTIVE;TANK;CAEN,,,,,,
154,WB_032,0,9,10,1311,1,0,GROUP00;ACTIVE;TANK;CAEN,,,,,,
155,WB_001,0,9,11,1465,1,0,GROUP00;ACTIVE;TANK;CAEN,,,,,,
156,WB_044,0,9,12,1480,1,0,GROUP00;ACTIVE;TANK;CAEN,,,,,,
157,WB_047,0,9,13,1480,1,0,GROUP00;ACTIVE;TANK;CAEN,,,,,,
158,WB_012,0,9,14,1298,1,0,GROUP00;ACTIVE;TANK;CAEN,,,,,,
159,WB_016,0,9,15,1401,1,0,GROUP00;ACTIVE;TANK;CAEN,,,,,,
160,MRD_x0_y0_z8,1,0,0,2100,1,0,GROUP00;ACTIVE;MRD;LeCroy1,,,,,,
161,MRD_x0_y1_z8,1,0,1,2100,1,0,GROUP00;ACTIVE;MRD;LeCroy1,,,,,,
162,MRD_x0_y2_z8,1,0,2,2100,1,0,GROUP00;ACTIVE;MRD;LeCroy1,,,,,,
163,MRD_x0_y3_z8,1,0,3,2100,1,0,GROUP00;ACTIVE;MRD;LeCroy1,,,,,,
164,MRD_x0_y4_z8,1,0,4,2100,1,0,GROUP00;ACTIVE;MRD;LeCroy1,,,,,,
165,MRD_x0_y5_z8,1,0,5,2100,1,0,GROUP00;ACTIVE;MRD;LeCroy1,,,,,,
166,MRD_x0_y6_z8,1,0,6,2100,1,0,GROUP00;ACTIVE;MRD;LeCroy1,,,,,,
167,MRD_x0_y7_z8,1,0,7,2100,1,0,GROUP00;ACTIVE;MRD;LeCroy1,,,,,,
168,MRD_x0_y8_z8,1,0,8,2100,1,0,GROUP00;ACTIVE;MRD;LeCroy1,,,,,,
169,MRD_x0_y9_z8,1,0,9,2100,1,0,GROUP00;ACTIVE;MRD;LeCroy1,,,,,,
170,MRD_x0_y10_z8,1,0,10,2100,1,0,GROUP00;ACTIVE;MRD;LeCroy1,,,,,,
171,MRD_x0_y11_z8,1,0,11,2100,1,0,GROUP00;ACTIVE;MRD;LeCroy1,,,,,,
172,MRD_x0_y12_z8,1,0,12,2100,1,0,GROUP00;ACTIVE;MRD;LeCroy1,,,,,,
173,CH_1_0_13,1,0,13,0,1,0,GROUP00;LeCroy1,,,,,,
174,CH_1_0_14,1,0,14,0,1,0,GROUP00;LeCroy1,,,,,,
175,CH_1_0_15,1,0,15,0,1,0,GROUP00;LeCroy1,,,,,,
176,CH_1_1_0,1,1,0,0,1,0,GROUP00;LeCroy1;Broken,,,,,,
177,MRD_x1_y1_z8,1,1,1,2100,1,0,GROUP00;ACTIVE;MRD;LeCroy1,,,,,,
178,MRD_x1_y2_z8,1,1,2,2100,1,0,GROUP00;ACTIVE;MRD;LeCroy1,,,,,,
179,MRD_x1_y3_z8,1,1,3,2100,1,0,GROUP00;ACTIVE;MRD;LeCroy1,,,,,,
180,MRD_x1_y4_z8,1,1,4,2100,1,0,GROUP00;ACTIVE;MRD;LeCroy1,,,,,,
181,MRD_x1_y5_z8,1,1,5,2100,1,0,GROUP00;ACTIVE;MRD;LeCroy1,,,,,,
182,MRD_x1_y6_z8,1,1,6,2100,1,0,GROUP00;ACTIVE;MRD;LeCroy1,,,,,,
183,MRD_x1_y7_z8,1,1,7,2100,1,0,GROUP00;ACTIVE;MRD;LeCroy1,,,,,,
184,MRD_x1_y8_z8,1,1,8,2100,1,0,GROUP00;ACTIVE;MRD;LeCroy1,,,,,,
185,MRD_x1_y9_z8,1,1,9,2100,1,0,GROUP00;ACTIVE;MRD;LeCroy1,,,,,,
186,MRD_x1_y10_z8,1,1,10,2100,1,0,GROUP00;ACTIVE;MRD;LeCroy1,,,,,,
187,MRD_x1_y11_z8,1,1,11,2100,1,0,GROUP00;ACTIVE;MRD;LeCroy1,,,,,,
188,MRD_x1_y12_z8,1,1,12,2100,1,0,GROUP00;ACTIVE;MRD;LeCroy1,,,,,,
189,MRD_x1_y0_z8,1,1,13,2100,1,0,GROUP00;ACTIVE;MRD;LeCroy1,,,,,,
190,CH_1_1_14,1,1,14,0,1,0,GROUP00;LeCroy1,,,,,,
191,CH_1_1_15,1,1,15,0,1,0,GROUP00;LeCroy1,,,,,,
192,CH_1_2_0,1,2,0,0,1,0,GROUP00;LeCroy1,,,,,,
193,CH_1_2_1,1,2,1,0,1,0,GROUP00;LeCroy1,,,,,,
194,CH_1_2_2,1,2,2,0,1,0,GROUP00;LeCroy1,,,,,,
195,CH_1_2_3,1,2,3,0,1,0,GROUP00;LeCroy1,,,,,,
196,CH_1_2_4,1,2,4,0,1,0,GROUP00;LeCroy1,,,,,,
197,CH_1_2_5,1,2,5,0,1,0,GROUP00;LeCroy1,,,,,,
198,CH_1_2_6,1,2,6,0,1,0,GROUP00;LeCroy1,,,,,,
199,CH_1_2_7,1,2,7,0,1,0,GROUP00;LeCroy1,,,,,,
200,CH_1_2_8,1,2,8,0,1,0,GROUP00;LeCroy1,,,,,,
201,CH_1_2_9,1,2,9,0,1,0,GROUP00;LeCroy1,,,,,,
202,CH_1_2_10,1,2,10,0,1,0,GROUP00;LeCroy1,,,,,,
203,CH_1_2_11,1,2,11,0,1,0,GROUP00;LeCroy1,,,,,,
204,CH_1_2_12,1,2,12,0,1,0,GROUP00;LeCroy1,,,,,,
205,CH_1_2_13,1,2,13,0,1,0,GROUP00;LeCroy1,,,,,,
206,CH_1_2_14,1,2,14,0,1,0,GROUP00;LeCroy1,,,,,,
207,CH_1_2_15,1,2,15,0,1,0,GROUP00;LeCroy1,,,,,,
208,CH_1_3_0,1,3,0,0,1,0,GROUP00;LeCroy1,,,,,,
209,CH_1_3_1,1,3,1,0,1,0,GROUP00;LeCroy1,,,,,,
210,CH_1_3_2,1,3,2,0,1,0,GROUP00;LeCroy1,,,,,,
211,CH_1_3_3,1,3,3,0,1,0,GROUP00;LeCroy1,,,,,,
212,CH_1_3_4,1,3,4,0,1,0,GROUP00;LeCroy1,,,,,,
213,CH_1_3_5,1,3,5,0,1,0,GROUP00;LeCroy1,,,,,,
214,CH_1_3_6,1,3,6,0,1,0,GROUP00;LeCroy1,,,,,,
215,CH_1_3_7,1,3,7,0,1,0,GROUP00;LeCroy1,,,,,,
216,CH_1_3_8,1,3,8,0,1,0,GROUP00;LeCroy1,,,,,,
217,CH_1_3_9,1,3,9,0,1,0,GROUP00;LeCroy1,,,,,,
218,CH_1_3_10,1,3,10,0,1,0,GROUP00;LeCroy1,,,,,,
219,CH_1_3_11,1,3,11,0,1,0,GROUP00;LeCroy1,,,,,,
220,CH_1_3_12,1,3,12,0,1,0,GROUP00;LeCroy1,,,,,,
221,CH_1_3_13,1,3,13,0,1,0,GROUP00;LeCroy1,,,,,,
222,CH_1_3_14,1,3,14,0,1,0,GROUP00;LeCroy1,,,,,,
223,CH_1_3_15,1,3,15,0,1,0,GROUP00;LeCroy1,,,,,,
224,MRD_x0_y0_z2,1,4,0,-2100,1,0,GROUP00;ACTIVE;MRD;LeCroy1,,,,,,
225,MRD_x0_y1_z2,1,4,1,-2100,1,0,GROUP00;ACTIVE;MRD;LeCroy1,,,,,,
226,MRD_x0_y2_z2,1,4,2,-2100,1,0,GROUP00;ACTIVE;MRD;LeCroy1,,,,,,
227,MRD_x0_y3_z2,1,4,3,-2100,1,0,GROUP00;ACTIVE;MRD;LeCroy1,,,,,,
228,MRD_x0_y4_z2,1,4,4,-2100,1,0,GROUP00;ACTIVE;MRD;LeCroy1,,,,,,
229,MRD_x0_y5_z2,1,4,5,-2100,1,0,GROUP00;ACTIVE;MRD;LeCroy1,,,,,,
230,MRD_x0_y6_z2,1,4,6,-2100,1,0,GROUP00;ACTIVE;MRD;LeCroy1,,,,,,
231,MRD_x0_y7_z2,1,4,7,-2100,1,0,GROUP00;ACTIVE;MRD;LeCroy1,,,,,,
232,MRD_x0_y8_z2,1,4,8,-1900,1,0,GROUP00;ACTIVE;MRD;LeCroy1,large,sig,,,,
233,CH_1_4_9_BK,1,4,9,0,1,0,GROUP00;LeCroy1,,,,,,
234,MRD_x0_y10_z2,1,4,10,-1900,1,0,GROUP00;ACTIVE;MRD;LeCroy1,large,sig,,,,
235,MRD_x0_y11_z2,1,4,11,-2100,1,0,GROUP00;ACTIVE;MRD;LeCroy1,,,,,,
236,MRD_x0_y12_z2,1,4,12,-2100,1,0,GROUP00;ACTIVE;MRD;LeCroy1,,,,,,
237,MRD_x0_y13_z2,1,4,13,-1900,1,0,GROUP00;ACTIVE;MRD;LeCroy1,noisy,,,,,
238,MRD_x16_y0_z5,1,4,14,-2200,1,0,GROUP00;ACTIVE;MRD;LeCroy1,Tested,@,2200,,,
239,MRD_x16_y1_z5,1,4,15,-2000,1,0,GROUP00;ACTIVE;MRD;LeCroy1,,,,,,
240,MRD_x1_y0_z2,1,5,0,-2100,1,0,GROUP00;ACTIVE;MRD;LeCroy1,,,,,,
241,MRD_x1_y1_z2,1,5,1,-2100,1,0,GROUP00;ACTIVE;MRD;LeCroy1,,,,,,
242,MRD_x1_y2_z2,1,5,2,-1900,1,0,GROUP00;ACTIVE;MRD;LeCroy1,noisy,,,,,
243,MRD_x1_y3_z2,1,5,3,-1900,1,0,GROUP00;ACTIVE;MRD;LeCroy1,noisy,,,,,
244,MRD_x1_y4_z2,1,5,4,-2100,1,0,GROUP00;ACTIVE;MRD;LeCroy1,,,,,,
245,MRD_x1_y5_z2,1,5,5,-2100,1,0,GROUP00;ACTIVE;MRD;LeCroy1,,,,,,
246,MRD_x1_y6_z2,1,5,6,-1900,1,0,GROUP00;ACTIVE;MRD;LeCroy1,noisy,,,,,
247,MRD_x1_y7_z2,1,5,7,-2100,1,0,GROUP00;ACTIVE;MRD;LeCroy1,,,,,,
248,MRD_x1_y8_z2,1,5,8,-2100,1,0,GROUP00;ACTIVE;MRD;LeCroy1,,,,,,
249,MRD_x1_y9_z2,1,5,9,-2100,1,0,GROUP00;ACTIVE;MRD;LeCroy1,,,,,,
250,MRD_x1_y10_z2,1,5,10,-2100,1,0,GROUP00;ACTIVE;MRD;LeCroy1,,,,,,
251,MRD_x1_y11_z2,1,5,11,-2100,1,0,GROUP00;ACTIVE;MRD;LeCroy1,,,,,,
252,MRD_x1_y12_z2,1,5,12,-1900,1,0,GROUP00;ACTIVE;MRD;LeCroy1,after,pulsing,,,,
253,CH_1_5_13,1,5,13,0,1,0,GROUP00;LeCroy1,,,,,,
254,MRD_x15_y0_z5,1,5,14,-1500,1,0,GROUP00;ACTIVE;MRD;LeCroy1,,,,,,
255,CH_1_5_15,1,5,15,0,1,0,GROUP00;LeCroy1,,,,,,
256,MRD_x0_y0_z3,1,6,0,-2000,1,0,GROUP00;ACTIVE;MRD;LeCroy1,,,,,,
257,MRD_x1_y0_z3,1,6,1,-2000,1,0,GROUP00;ACTIVE;MRD;LeCroy1,,,,,,
258,MRD_x2_y0_z3,1,6,2,-2000,1,0,GROUP00;ACTIVE;MRD;LeCroy1,,,,,,
259,MRD_x3_y0_z3,1,6,3,-2000,1,0,GROUP00;ACTIVE;MRD;LeCroy1,,,,,,
260,MRD_x4_y0_z3,1,6,4,-2000,1,0,GROUP00;ACTIVE;MRD;LeCroy1,,,,,,
261,MRD_x5_y0_z3,1,6,5,-2000,1,0,GROUP00;ACTIVE;MRD;LeCroy1,,,,,,
262,MRD_x6_y0_z3,1,6,6,-2000,1,0,GROUP00;ACTIVE;MRD;LeCroy1,,,,,,
263,MRD_x7_y0_z3,1,6,7,-2000,1,0,GROUP00;ACTIVE;MRD;LeCroy1,,,,,,
264,MRD_x8_y0_z3,1,6,8,-2000,1,0,GROUP00;ACTIVE;MRD;LeCroy1,,,,,,
265,MRD_x9_y0_z3,1,6,9,-2000,1,0,GROUP00;ACTIVE;MRD;LeCroy1,,,,,,
266,MRD_x10_y0_z3,1,6,10,-2000,1,0,GROUP00;ACTIVE;MRD;LeCroy1,,,,,,
267,MRD_x11_y0_z3,1,6,11,-2000,1,0,GROUP00;ACTIVE;MRD;LeCroy1,,,,,,
268,MRD_x12_y0_z3,1,6,12,-2000,1,0,GROUP00;ACTIVE;MRD;LeCroy1,,,,,,
269,MRD_x13_y0_z3,1,6,13,-2000,1,0,GROUP00;ACTIVE;MRD;LeCroy1,,,,,,
270,MRD_x14_y0_z3,1,6,14,-1800,1,0,GROUP00;ACTIVE;MRD;LeCroy1,noisy,,,,,
271,CH_1_6_15,1,6,15,0,1,0,GROUP00;LeCroy1,,,,,,
272,MRD_x0_y1_z3,1,7,0,-2200,1,0,GROUP00;ACTIVE;MRD;LeCroy1,tested,@2200,,,,
273,MRD_x1_y1_z3,1,7,1,-2000,1,0,GROUP00;ACTIVE;MRD;LeCroy1,,,,,,
274,MRD_x2_y1_z3,1,7,2,-2000,1,0,GROUP00;ACTIVE;MRD;LeCroy1,,,,,,
275,MRD_x3_y1_z3,1,7,3,-2000,1,0,GROUP00;ACTIVE;MRD;LeCroy1,,,,,,
276,MRD_x4_y1_z3,1,7,4,-2000,1,0,GROUP00;ACTIVE;MRD;LeCroy1,,,,,,
277,MRD_x5_y1_z3,1,7,5,-2000,1,0,GROUP00;ACTIVE;MRD;LeCroy1,,,,,,
278,MRD_x6_y1_z3,1,7,6,-2000,1,0,GROUP00;ACTIVE;MRD;LeCroy1,,,,,,
279,MRD_x7_y1_z3,1,7,7,-2000,1,0,GROUP00;ACTIVE;MRD;LeCroy1,,,,,,
280,MRD_x8_y1_z3,1,7,8,-2000,1,0,GROUP00;ACTIVE;MRD;LeCroy1,,,,,,
281,MRD_x9_y1_z3,1,7,9,-2000,1,0,GROUP00;ACTIVE;MRD;LeCroy1,,,,,,
282,MRD_x10_y1_z3,1,7,10,-2000,1,0,GROUP00;ACTIVE;MRD;LeCroy1,,,,,,
283,MRD_x11_y1_z3,1,7,11,-2000,1,0,GROUP00;ACTIVE;MRD;LeCroy1,,,,,,
284,MRD_x12_y1_z3,1,7,12,-2000,1,0,GROUP00;ACTIVE;MRD;LeCroy1,,,,,,
285,MRD_x13_y1_z3,1,7,13,-2000,1,0,GROUP00;ACTIVE;MRD;LeCroy1,,,,,,
286,MRD_x14_y1_z3,1,7,14,-2000,1,0,GROUP00;ACTIVE;MRD;LeCroy1,noisy,but,also,tested,at,2200
287,CH_1_7_15,1,7,15,0,1,0,GROUP00;LeCroy1,,,,,,
288,MRD_x0_y0_z4,1,8,0,-2100,1,0,GROUP00;ACTIVE;MRD;LeCroy1,,,,,,
289,MRD_x0_y1_z4,1,8,1,-2100,1,0,GROUP00;ACTIVE;MRD;LeCroy1,,,,,,
290,MRD_x0_y2_z4,1,8,2,-2100,1,0,GROUP00;ACTIVE;MRD;LeCroy1,,,,,,
291,MRD_x0_y3_z4,1,8,3,-2100,1,0,GROUP00;ACTIVE;MRD;LeCroy1,,,,,,
292,MRD_x0_y4_z4,1,8,4,-2300,1,0,GROUP00;ACTIVE;MRD;LeCroy1,small,pulses,,,,
293,MRD_x0_y5_z4,1,8,5,-2100,1,0,GROUP00;ACTIVE;MRD;LeCroy1,,,,,,
294,MRD_x0_y6_z4,1,8,6,-2100,1,0,GROUP00;ACTIVE;MRD;LeCroy1,,,,,,
295,MRD_x0_y7_z4,1,8,7,-2100,1,0,GROUP00;ACTIVE;MRD;LeCroy1,,,,,,
296,MRD_x0_y8_z4,1,8,8,-2100,1,0,GROUP00;ACTIVE;MRD;LeCroy1,,,,,,
297,MRD_x0_y9_z4,1,8,9,-2100,1,0,GROUP00;ACTIVE;MRD;LeCroy1,,,,,,
298,MRD_x0_y10_z4,1,8,10,-2100,1,0,GROUP00;ACTIVE;MRD;LeCroy1,,,,,,
299,MRD_x0_y11_z4,1,8,11,-2100,1,0,GROUP00;ACTIVE;MRD;LeCroy1,,,,,,
300,MRD_x0_y12_z4,1,8,12,-2300,1,0,GROUP00;ACTIVE;MRD;LeCroy1,small,pulses,,,,
301,CH_1_8_13,1,8,13,0,1,0,GROUP00;LeCroy1,,,,,,
302,CH_1_8_14,1,8,14,0,1,0,GROUP00;LeCroy1,,,,,,
303,CH_1_8_15,1,8,15,0,1,0,GROUP00;LeCroy1,,,,,,
304,MRD_x1_y0_z4,1,9,0,-2100,1,0,GROUP00;ACTIVE;MRD;LeCroy1,,,,,,
305,MRD_x1_y1_z4,1,9,1,-2100,1,0,GROUP00;ACTIVE;MRD;LeCroy1,,,,,,
306,MRD_x1_y2_z4,1,9,2,-2300,1,0,GROUP00;ACTIVE;MRD;LeCroy1,small,pulses,,,,
307,MRD_x1_y3_z4,1,9,3,-2300,1,0,GROUP00;ACTIVE;MRD;LeCroy1,small,pulses,,,,
308,MRD_x1_y4_z4,1,9,4,-2100,1,0,GROUP00;ACTIVE;MRD;LeCroy1,,,,,,
309,MRD_x1_y5_z4,1,9,5,-2100,1,0,GROUP00;ACTIVE;MRD;LeCroy1,,,,,,
310,MRD_x1_y6_z4,1,9,6,-2100,1,0,GROUP00;ACTIVE;MRD;LeCroy1,,,,,,
311,MRD_x1_y7_z4,1,9,7,-2100,1,0,GROUP00;ACTIVE;MRD;LeCroy1,,,,,,
312,MRD_x1_y8_z4,1,9,8,-2100,1,0,GROUP00;ACTIVE;MRD;LeCroy1,,,,,,
313,MRD_x1_y9_z4,1,9,9,-2100,1,0,GROUP00;ACTIVE;MRD;LeCroy1,,,,,,
314,MRD_x1_y10_z4,1,9,10,-2100,1,0,GROUP00;ACTIVE;MRD;LeCroy1,,,,,,
315,MRD_x1_y11_z4,1,9,11,-2100,1,0,GROUP00;ACTIVE;MRD;LeCroy1,,,,,,
316,MRD_x1_y12_z4,1,9,12,-2100,1,0,GROUP00;ACTIVE;MRD;LeCroy1,,,,,,
317,CH_1_9_13,1,9,13,0,1,0,GROUP00;LeCroy1,,,,,,
318,CH_1_9_14,1,9,14,0,1,0,GROUP00;LeCroy1,,,,,,
319,CH_1_9_15,1,9,15,0,1,0,GROUP00;LeCroy1,,,,,,
320,MRD_x0_y0_z5,1,10,0,-2200,1,0,GROUP00;ACTIVE;MRD;LeCroy1,tested,@2200,,,,
321,MRD_x1_y0_z5,1,10,1,-2200,1,0,GROUP00;ACTIVE;MRD;LeCroy1,tested,@2200,,,,
322,MRD_x2_y0_z5,1,10,2,-2000,1,0,GROUP00;ACTIVE;MRD;LeCroy1,,,,,,
323,MRD_x3_y0_z5,1,10,3,-2000,1,0,GROUP00;ACTIVE;MRD;LeCroy1,,,,,,
324,MRD_x4_y0_z5,1,10,4,-2000,1,0,GROUP00;ACTIVE;MRD;LeCroy1,,,,,,
325,MRD_x5_y0_z5,1,10,5,-2000,1,0,GROUP00;ACTIVE;MRD;LeCroy1,,,,,,
326,MRD_x6_y0_z5,1,10,6,-2000,1,0,GROUP00;ACTIVE;MRD;LeCroy1,,,,,,
327,MRD_x7_y0_z5,1,10,7,-2000,1,0,GROUP00;ACTIVE;MRD;LeCroy1,,,,,,
328,MRD_x8_y0_z5,1,10,8,-2000,1,0,GROUP00;ACTIVE;MRD;LeCroy1,,,,,,
329,MRD_x9_y0_z5,1,10,9,-2000,1,0,GROUP00;ACTIVE;MRD;LeCroy1,,,,,,
330,MRD_x10_y0_z5,1,10,10,-2000,1,0,GROUP00;ACTIVE;MRD;LeCroy1,,,,,,
331,MRD_x11_y0_z5,1,10,11,-2000,1,0,GROUP00;ACTIVE;MRD;LeCroy1,,,,,,
332,MRD_x12_y0_z5,1,10,12,-2000,1,0,GROUP00;ACTIVE;MRD;LeCroy1,,,,,,
333,MRD_x13_y0_z5,1,10,13,-2000,1,0,GROUP00;ACTIVE;MRD;LeCroy1,,,,,,
334,MRD_x14_y0_z5,1,10,14,-2000,1,0,GROUP00;ACTIVE;MRD;LeCroy1,,,,,,
335,CH_1_10_15,1,10,16,0,1,0,GROUP00;LeCroy1,,,,,,
336,MRD_x0_y1_z5,1,11,0,-2000,1,0,GROUP00;ACTIVE;MRD;LeCroy1,,,,,,
337,MRD_x1_y1_z5,1,11,1,-2200,1,0,GROUP00;ACTIVE;MRD;LeCroy1,tested,@2200,,,,
338,MRD_x2_y1_z5,1,11,2,-2000,1,0,GROUP00;ACTIVE;MRD;LeCroy1,,,,,,
339,MRD_x3_y1_z5,1,11,3,-2000,1,0,GROUP00;ACTIVE;MRD;LeCroy1,,,,,,
340,MRD_x4_y1_z5,1,11,4,-2000,1,0,GROUP00;ACTIVE;MRD;LeCroy1,,,,,,
341,MRD_x5_y1_z5,1,11,5,-2000,1,0,GROUP00;ACTIVE;MRD;LeCroy1,,,,,,
342,MRD_x6_y1_z5,1,11,6,-2000,1,0,GROUP00;ACTIVE;MRD;LeCroy1,,,,,,
343,MRD_x7_y1_z5,1,11,7,-2000,1,0,GROUP00;ACTIVE;MRD;LeCroy1,,,,,,
344,MRD_x8_y1_z5,1,11,8,-2000,1,0,GROUP00;ACTIVE;MRD;LeCroy1,,,,,,
345,MRD_x9_y1_z5,1,11,9,-2000,1,0,GROUP00;ACTIVE;MRD;LeCroy1,,,,,,
346,MRD_x10_y1_z5,1,11,10,-2000,1,0,GROUP00;ACTIVE;MRD;LeCroy1,,,,,,
347,MRD_x11_y1_z5,1,11,11,-1800,1,0,GROUP00;ACTIVE;MRD;LeCroy1,afterpulsing,,,,,
348,MRD_x12_y1_z5,1,11,12,-2000,1,0,GROUP00;ACTIVE;MRD;LeCroy1,,,,,,
349,MRD_x13_y1_z5,1,11,13,-2000,1,0,GROUP00;ACTIVE;MRD;LeCroy1,,,,,,
350,MRD_x14_y1_z5,1,11,14,-2000,1,0,GROUP00;ACTIVE;MRD;LeCroy1,,,,,,
351,MRD_x15_y1_z5,1,11,15,-2000,1,0,GROUP00;ACTIVE;MRD;LeCroy1,,,,,,
352,MRD_x0_y0_z6,1,12,0,-2100,1,0,GROUP00;ACTIVE;MRD;LeCroy1,,,,,,
353,MRD_x0_y1_z6,1,12,1,-2100,1,0,GROUP00;ACTIVE;MRD;LeCroy1,,,,,,
354,MRD_x0_y2_z6,1,12,2,-2100,1,0,GROUP00;ACTIVE;MRD;LeCroy1,,,,,,
355,MRD_x0_y3_z6,1,12,3,-2100,1,0,GROUP00;ACTIVE;MRD;LeCroy1,,,,,,
356,MRD_x0_y4_z6,1,12,4,-2100,1,0,GROUP00;ACTIVE;MRD;LeCroy1,,,,,,
357,MRD_x0_y5_z6,1,12,5,-2100,1,0,GROUP00;ACTIVE;MRD;LeCroy1,,,,,,
358,MRD_x0_y6_z6,1,12,6,-2100,1,0,GROUP00;ACTIVE;MRD;LeCroy1,,,,,,
359,MRD_x0_y7_z6,1,12,7,-2100,1,0,GROUP00;ACTIVE;MRD;LeCroy1,,,,,,
360,MRD_x0_y8_z6,1,12,8,-2100,1,0,GROUP00;ACTIVE;MRD;LeCroy1,,,,,,
361,MRD_x0_y9_z6,1,12,9,-2100,1,0,GROUP00;ACTIVE;MRD;LeCroy1,,,,,,
362,MRD_x0_y10_z6,1,12,10,-2100,1,0,GROUP00;ACTIVE;MRD;LeCroy1,,,,,,
363,MRD_x0_y11_z6,1,12,11,-2100,1,0,GROUP00;ACTIVE;MRD;LeCroy1,,,,,,
364,MRD_x0_y12_z6,1,12,12,-2100,1,0,GROUP00;ACTIVE;MRD;LeCroy1,,,,,,
365,CH_1_12_13,1,12,13,0,1,0,GROUP00;LeCroy1,,,,,,
366,CH_1_12_14,1,12,14,0,1,0,GROUP00;LeCroy1,,,,,,
367,CH_1_12_15,1,12,15,0,1,0,GROUP00;LeCroy1,,,,,,
368,MRD_x1_y0_z6,1,13,0,-1900,1,0,GROUP00;ACTIVE;MRD;LeCroy1,afterpulsing,(alot),,,,
369,MRD_x1_y1_z6,1,13,1,-2100,1,0,GROUP00;ACTIVE;MRD;LeCroy1,,,,,,
370,MRD_x1_y2_z6,1,13,2,-2100,1,0,GROUP00;ACTIVE;MRD;LeCroy1,,,,,,
371,MRD_x1_y3_z6,1,13,3,-2100,1,0,GROUP00;ACTIVE;MRD;LeCroy1,,,,,,
372,MRD_x1_y4_z6,1,13,4,-2100,1,0,GROUP00;ACTIVE;MRD;LeCroy1,,,,,,
373,MRD_x1_y5_z6,1,13,5,-2100,1,0,GROUP00;ACTIVE;MRD;LeCroy1,,,,,,
374,MRD_x1_y6_z6,1,13,6,-2100,1,0,GROUP00;ACTIVE;MRD;LeCroy1,,,,,,
375,MRD_x1_y7_z6,1,13,7,-2100,1,0,GROUP00;ACTIVE;MRD;LeCroy1,,,,,,
376,MRD_x1_y8_z6,1,13,8,-2100,1,0,GROUP00;ACTIVE;MRD;LeCroy1,,,,,,
377,MRD_x1_y9_z6,1,13,9,-1900,1,0,GROUP00;ACTIVE;MRD;LeCroy1,"signal cable unplugged, noisy",,,,,
378,MRD_x1_y10_z6,1,13,10,-2100,1,0,GROUP00;ACTIVE;MRD;LeCroy1,,,,,,
379,MRD_x1_y11_z6,1,13,11,-2100,1,0,GROUP00;ACTIVE;MRD;LeCroy1,,,,,,
380,MRD_x1_y12_z6,1,13,12,-2100,1,0,GROUP00;ACTIVE;MRD;LeCroy1,,,,,,
381,CH_1_13_13,1,13,13,0,1,0,GROUP00;LeCroy1,,,,,,
382,CH_1_13_14,1,13,14,0,1,0,GROUP00;LeCroy1,,,,,,
383,CH_1_13_15,1,13,15,0,1,0,GROUP00;LeCroy1,,,,,,
384,CH_1_14_0,1,14,0,-100,1,0,GROUP00;LeCroy1,,,,,,
385,MRD_x1_y0_z7,1,14,1,-1500,1,0,GROUP00;ACTIVE;MRD;LeCroy1,,,,,,
386,MRD_x2_y0_z7,1,14,2,-1500,1,0,GROUP00;ACTIVE;MRD;LeCroy1,,,,,,
387,MRD_x3_y0_z7,1,14,3,-1500,1,0,GROUP00;ACTIVE;MRD;LeCroy1,,,,,,
388,MRD_x4_y0_z7,1,14,4,-1500,1,0,GROUP00;ACTIVE;MRD;LeCroy1,,,,,,
389,MRD_x5_y0_z7,1,14,5,-2000,1,0,GROUP00;ACTIVE;MRD;LeCroy1,,,,,,
390,MRD_x6_y0_z7,1,14,6,-2000,1,0,GROUP00;ACTIVE;MRD;LeCroy1,,,,,,
391,MRD_x7_y0_z7,1,14,7,-2000,1,0,GROUP00;ACTIVE;MRD;LeCroy1,,,,,,
392,MRD_x8_y0_z7,1,14,8,-2000,1,0,GROUP00;ACTIVE;MRD;LeCroy1,,,,,,
393,MRD_x9_y0_z7,1,14,9,-1500,1,0,GROUP00;ACTIVE;MRD;LeCroy1,,,,,,
394,MRD_x10_y0_z7,1,14,10,-1500,1,0,GROUP00;ACTIVE;MRD;LeCroy1,,,,,,
395,MRD_x11_y0_z7,1,14,11,-1500,1,0,GROUP00;ACTIVE;MRD;LeCroy1,,,,,,
396,MRD_x12_y0_z7,1,14,12,-1500,1,0,GROUP00;ACTIVE;MRD;LeCroy1,,,,,,
397,MRD_x13_y0_z7,1,14,13,-1500,1,0,GROUP00;ACTIVE;MRD;LeCroy1,,,,,,
398,CH_1_14_14,1,14,14,-100,1,0,GROUP00;LeCroy1,,,,,,
399,CH_1_14_15,1,14,15,0,1,0,GROUP00;LeCroy1,,,,,,
400,CH_1_15_0,1,15,0,-100,1,0,GROUP00;LeCroy1,,,,,,
401,MRD_x1_y1_z7,1,15,1,-1500,1,0,GROUP00;ACTIVE;MRD;LeCroy1,,,,,,
402,MRD_x2_y1_z7,1,15,2,-1500,1,0,GROUP00;ACTIVE;MRD;LeCroy1,,,,,,
403,MRD_x3_y1_z7,1,15,3,-1300,1,0,GROUP00;ACTIVE;MRD;LeCroy1,noisy,,,,,
404,MRD_x4_y1_z7,1,15,4,-1500,1,0,GROUP00;ACTIVE;MRD;LeCroy1,,,,,,
405,MRD_x5_y1_z7,1,15,5,-2000,1,0,GROUP00;ACTIVE;MRD;LeCroy1,,,,,,
406,MRD_x6_y1_z7,1,15,6,-2000,1,0,GROUP00;ACTIVE;MRD;LeCroy1,,,,,,
407,MRD_x7_y1_z7,1,15,7,-2000,1,0,GROUP00;ACTIVE;MRD;LeCroy1,,,,,,
408,MRD_x8_y1_z7,1,15,8,-2000,1,0,GROUP00;ACTIVE;MRD;LeCroy1,,,,,,
409,MRD_x9_y1_z7,1,15,9,-1500,1,0,GROUP00;ACTIVE;MRD;LeCroy1,,,,,,
410,MRD_x10_y1_z7,1,15,10,-1500,1,0,GROUP00;ACTIVE;MRD;LeCroy1,,,,,,
411,MRD_x11_y1_z7,1,15,11,-1500,1,0,GROUP00;ACTIVE;MRD;LeCroy1,,,,,,
412,MRD_x12_y1_z7,1,15,12,-1500,1,0,GROUP00;ACTIVE;MRD;LeCroy1,,,,,,
413,MRD_x13_y1_z7,1,15,13,-1500,1,0,GROUP00;ACTIVE;MRD;LeCroy1,,,,,,
414,CH_1_14_15,1,15,14,-100,1,0,GROUP00;LeCroy1,,,,,,
415,CH_1_15_15,1,15,15,0,1,0,GROUP00;LeCroy1,,,,,,
416,MRD_x0_y0_z9,2,0,0,-1500,1,0,GROUP00;ACTIVE;MRD;LeCroy2,,,,,,
417,MRD_x1_y0_z9,2,0,1,-1500,1,0,GROUP00;ACTIVE;MRD;LeCroy2,,,,,,
418,MRD_x2_y0_z9,2,0,2,-1500,1,0,GROUP00;ACTIVE;MRD;LeCroy2,,,,,,
419,MRD_x3_y0_z9,2,0,3,-1500,1,0,GROUP00;ACTIVE;MRD;LeCroy2,,,,,,
420,MRD_x4_y0_z9,2,0,4,-1500,1,0,GROUP00;ACTIVE;MRD;LeCroy2,,,,,,
421,MRD_x5_y0_z9,2,0,5,-1500,1,0,GROUP00;ACTIVE;MRD;LeCroy2,,,,,,
422,MRD_x6_y0_z9,2,0,6,-1500,1,0,GROUP00;ACTIVE;MRD;LeCroy2,,,,,,
423,MRD_x7_y0_z9,2,0,7,-1500,1,0,GROUP00;ACTIVE;MRD;LeCroy2,,,,,,
424,MRD_x8_y0_z9,2,0,8,-1500,1,0,GROUP00;ACTIVE;MRD;LeCroy2,,,,,,
425,MRD_x9_y0_z9,2,0,9,-1500,1,0,GROUP00;ACTIVE;MRD;LeCroy2,,,,,,
426,MRD_x10_y0_z9,2,0,10,-1500,1,0,GROUP00;ACTIVE;MRD;LeCroy2,,,,,,
427,MRD_x11_y0_z9,2,0,11,-1500,1,0,GROUP00;ACTIVE;MRD;LeCroy2,,,,,,
428,MRD_x12_y0_z9,2,0,12,-1500,1,0,GROUP00;ACTIVE;MRD;LeCroy2,,,,,,
429,MRD_x13_y0_z9,2,0,13,-1500,1,0,GROUP00;ACTIVE;MRD;LeCroy2,,,,,,
430,MRD_x14_y0_z9,2,0,14,-1500,1,0,GROUP00;ACTIVE;MRD;LeCroy2,,,,,,
431,CH_2_0_15,2,0,15,0,1,0,GROUP00;LeCroy2,,,,,,
432,MRD_x0_y1_z9,2,1,0,-1500,1,0,GROUP00;ACTIVE;MRD;LeCroy2,,,,,,
433,MRD_x1_y1_z9,2,1,1,-1500,1,0,GROUP00;ACTIVE;MRD;LeCroy2,,,,,,
434,MRD_x2_y1_z9,2,1,2,-1300,1,0,GROUP00;ACTIVE;MRD;LeCroy2,large,signals,,,,
435,MRD_x3_y1_z9,2,1,3,-1500,1,0,GROUP00;ACTIVE;MRD;LeCroy2,,,,,,
436,MRD_x4_y1_z9,2,1,4,-1500,1,0,GROUP00;ACTIVE;MRD;LeCroy2,,,,,,
437,MRD_x5_y1_z9,2,1,5,-1500,1,0,GROUP00;ACTIVE;MRD;LeCroy2,,,,,,
438,MRD_x6_y1_z9,2,1,6,-1500,1,0,GROUP00;ACTIVE;MRD;LeCroy2,,,,,,
439,MRD_x7_y1_z9,2,1,7,-1500,1,0,GROUP00;ACTIVE;MRD;LeCroy2,,,,,,
440,MRD_x8_y1_z9,2,1,8,-1500,1,0,GROUP00;ACTIVE;MRD;LeCroy2,,,,,,
441,MRD_x9_y1_z9,2,1,9,-1500,1,0,GROUP00;ACTIVE;MRD;LeCroy2,,,,,,
442,MRD_x10_y1_z9,2,1,10,-1500,1,0,GROUP00;ACTIVE;MRD;LeCroy2,,,,,,
443,MRD_x11_y1_z9,2,1,11,-1500,1,0,GROUP00;ACTIVE;MRD;LeCroy2,,,,,,
444,MRD_x12_y1_z9,2,1,12,-1500,1,0,GROUP00;ACTIVE;MRD;LeCroy2,,,,,,
445,MRD_x13_y1_z9,2,1,13,-1500,1,0,GROUP00;ACTIVE;MRD;LeCroy2,,,,,,
446,MRD_x14_y1_z9,2,1,14,-1500,1,0,GROUP00;ACTIVE;MRD;LeCroy2,,,,,,
447,CH_2_1_15,2,1,15,0,1,0,GROUP00;LeCroy2,,,,,,
448,MRD_x0_y0_z10,2,2,0,-2100,1,0,GROUP00;ACTIVE;MRD;LeCroy2,,,,,,
449,MRD_x0_y1_z10,2,2,1,-1600,1,0,GROUP00;ACTIVE;MRD;LeCroy2,afterpulsing,lots,,,,
450,MRD_x0_y2_z10,2,2,2,-2100,1,0,GROUP00;ACTIVE;MRD;LeCroy2,,,,,,
451,MRD_x0_y3_z10,2,2,3,-2100,1,0,GROUP00;ACTIVE;MRD;LeCroy2,,,,,,
452,MRD_x0_y4_z10,2,2,4,-2100,1,0,GROUP00;ACTIVE;MRD;LeCroy2,,,,,,
453,MRD_x0_y5_z10,2,2,5,-2100,1,0,GROUP00;ACTIVE;MRD;LeCroy2,,,,,,
454,MRD_x0_y6_z10,2,2,6,-2100,1,0,GROUP00;ACTIVE;MRD;LeCroy2,,,,,,
455,MRD_x0_y7_z10,2,2,7,-2100,1,0,GROUP00;ACTIVE;MRD;LeCroy2,,,,,,
456,MRD_x0_y8_z10,2,2,8,-1900,1,0,GROUP00;ACTIVE;MRD;LeCroy2,afterpulsing,,,,,
457,MRD_x0_y9_z10,2,2,9,-2100,1,0,GROUP00;ACTIVE;MRD;LeCroy2,,,,,,
458,MRD_x0_y10_z10,2,2,10,-2100,1,0,GROUP00;ACTIVE;MRD;LeCroy2,,,,,,
459,MRD_x0_y11_z10,2,2,11,-2100,1,0,GROUP00;ACTIVE;MRD;LeCroy2,,,,,,
460,MRD_x0_y12_z10,2,2,12,-2100,1,0,GROUP00;ACTIVE;MRD;LeCroy2,,,,,,
461,CH_2_2_13,2,2,13,0,1,0,GROUP00;LeCroy2,,,,,,
462,CH_2_2_14,2,2,14,0,1,0,GROUP00;LeCroy2,,,,,,
463,CH_2_2_15,2,2,15,0,1,0,GROUP00;LeCroy2,,,,,,
464,MRD_x1_y0_z10,2,3,0,-2100,1,0,GROUP00;ACTIVE;MRD;LeCroy2,,,,,,
465,MRD_x1_y1_z10,2,3,1,-1900,1,0,GROUP00;ACTIVE;MRD;LeCroy2,afterpulsing,,,,,
466,MRD_x1_y2_z10,2,3,2,-1600,1,0,GROUP00;ACTIVE;MRD;LeCroy2,good,at,1800,,,
467,MRD_x1_y3_z10,2,3,3,-1800,1,0,GROUP00;ACTIVE;MRD;LeCroy2,good,at,1800,,,
468,MRD_x1_y4_z10,2,3,4,-1800,1,0,GROUP00;ACTIVE;MRD;LeCroy2,small,afterpulsing,at,1800,,
469,MRD_x1_y5_z10,2,3,5,-2100,1,0,GROUP00;ACTIVE;MRD;LeCroy2,,,,,,
470,MRD_x1_y6_z10,2,3,6,-2100,1,0,GROUP00;ACTIVE;MRD;LeCroy2,,,,,,
471,MRD_x1_y7_z10,2,3,7,-1600,1,0,GROUP00;ACTIVE;MRD;LeCroy2,lots,afterlpulsing,,,,
472,MRD_x1_y8_z10,2,3,8,-2100,1,0,GROUP00;ACTIVE;MRD;LeCroy2,,,,,,
473,MRD_x1_y9_z10,2,3,9,-2100,1,0,GROUP00;ACTIVE;MRD;LeCroy2,,,,,,
474,MRD_x1_y10_z10,2,3,10,-1600,1,0,GROUP00;ACTIVE;MRD;LeCroy2,afterpulsing,,,,,
475,CH_2_3_11,2,3,11,0,1,0,GROUP00;LeCroy2;Broken,,,,,,
476,MRD_x1_y12_z10,2,3,12,-2100,1,0,GROUP00;ACTIVE;MRD;LeCroy2,,,,,,
477,MRD_x1_y11_z10,2,3,13,-2100,1,0,GROUP00;ACTIVE;MRD;LeCroy2,,,,,,
478,CH_2_3_14,2,3,14,0,1,0,GROUP00;LeCroy2,,,,,,
479,CH_2_3_15,2,3,15,0,1,0,GROUP00;LeCroy2,,,,,,
480,MRD_x0_y0_z11,2,4,0,-1400,1,0,GROUP00;ACTIVE;MRD;LeCroy2,,,,,,
481,MRD_x1_y0_z11,2,4,1,-1500,1,0,GROUP00;ACTIVE;MRD;LeCroy2,,,,,,
482,MRD_x2_y0_z11,2,4,2,-1500,1,0,GROUP00;ACTIVE;MRD;LeCroy2,,,,,,
483,MRD_x3_y0_z11,2,4,3,-1300,1,0,GROUP00;ACTIVE;MRD;LeCroy2,noisy,,,,,
484,MRD_x4_y0_z11,2,4,4,-1500,1,0,GROUP00;ACTIVE;MRD;LeCroy2,,,,,,
485,MRD_x5_y0_z11,2,4,5,-1500,1,0,GROUP00;ACTIVE;MRD;LeCroy2,,,,,,
486,MRD_x6_y0_z11,2,4,6,-1500,1,0,GROUP00;ACTIVE;MRD;LeCroy2,,,,,,
487,MRD_x7_y0_z11,2,4,7,-1500,1,0,GROUP00;ACTIVE;MRD;LeCroy2,,,,,,
488,MRD_x8_y0_z11,2,4,8,-1500,1,0,GROUP00;ACTIVE;MRD;LeCroy2,,,,,,
489,MRD_x9_y0_z11,2,4,9,-1300,1,0,GROUP00;ACTIVE;MRD;LeCroy2,noisy,,,,,
490,MRD_x10_y0_z11,2,4,10,-1500,1,0,GROUP00;ACTIVE;MRD;LeCroy2,,,,,,
491,MRD_x11_y0_z11,2,4,11,-1500,1,0,GROUP00;ACTIVE;MRD;LeCroy2,,,,,,
492,MRD_x12_y0_z11,2,4,12,-1500,1,0,GROUP00;ACTIVE;MRD;LeCroy2,,,,,,
493,MRD_x13_y0_z11,2,4,13,-1500,1,0,GROUP00;ACTIVE;MRD;LeCroy2,,,,,,
494,MRD_x14_y0_z11,2,4,14,-1500,1,0,GROUP00;ACTIVE;MRD;LeCroy2,,,,,,
495,CH_2_4_15,2,4,15,0,1,0,GROUP00;LeCroy2,,,,,,
496,MRD_x0_y1_z11,2,5,0,-1500,1,0,GROUP00;ACTIVE;MRD;LeCroy2,,,,,,
497,MRD_x1_y1_z11,2,5,1,-1500,1,0,GROUP00;ACTIVE;MRD;LeCroy2,,,,,,
498,CH_2_5_2,2,5,2,0,1,0,GROUP00;LeCroy2,bad,channel,,,,
499,MRD_x3_y1_z11,2,5,3,-1500,1,0,GROUP00;ACTIVE;MRD;LeCroy2,,,,,,
500,MRD_x4_y1_z11,2,5,4,-1500,1,0,GROUP00;ACTIVE;MRD;LeCroy2,,,,,,
501,MRD_x5_y1_z11,2,5,5,-1500,1,0,GROUP00;ACTIVE;MRD;LeCroy2,,,,,,
502,MRD_x6_y1_z11,2,5,6,-1500,1,0,GROUP00;ACTIVE;MRD;LeCroy2,,,,,,
503,MRD_x7_y1_z11,2,5,7,-1500,1,0,GROUP00;ACTIVE;MRD;LeCroy2,,,,,,
504,MRD_x8_y1_z11,2,5,8,-1500,1,0,GROUP00;ACTIVE;MRD;LeCroy2,,,,,,
505,MRD_x9_y1_z11,2,5,9,-1500,1,0,GROUP00;ACTIVE;MRD;LeCroy2,,,,,,
506,MRD_x10_y1_z11,2,5,10,-1300,1,0,GROUP00;ACTIVE;MRD;LeCroy2,noisy,,,,,
507,MRD_x11_y1_z11,2,5,11,-1300,1,0,GROUP00;ACTIVE;MRD;LeCroy2,noisy,,,,,
508,MRD_x12_y1_z11,2,5,12,-1300,1,0,GROUP00;ACTIVE;MRD;LeCroy2,large,pulses,,,,
509,MRD_x13_y1_z11,2,5,13,-1300,1,0,GROUP00;ACTIVE;MRD;LeCroy2,afterpulsing,,,,,
510,MRD_x14_y1_z11,2,5,14,-1500,1,0,GROUP00;ACTIVE;MRD;LeCroy2,,,,,,
511,MRD_x2_y1_z11,2,5,15,-1500,1,0,GROUP00;ACTIVE;MRD;LeCroy2,,,,,,
512,MRD_x0_y0_z12,2,6,0,-2100,1,0,GROUP00;ACTIVE;MRD;LeCroy2,,,,,,
513,MRD_x0_y1_z12,2,6,1,-2100,1,0,GROUP00;ACTIVE;MRD;LeCroy2,,,,,,
514,MRD_x0_y2_z12,2,6,2,-2100,1,0,GROUP00;ACTIVE;MRD;LeCroy2,,,,,,
515,MRD_x0_y3_z12,2,6,3,-2100,1,0,GROUP00;ACTIVE;MRD;LeCroy2,,,,,,
516,MRD_x0_y4_z12,2,6,4,-1900,1,0,GROUP00;ACTIVE;MRD;LeCroy2,large,pulses,,,,
517,MRD_x0_y5_z12,2,6,5,-2100,1,0,GROUP00;ACTIVE;MRD;LeCroy2,,,,,,
518,MRD_x0_y6_z12,2,6,6,-1900,1,0,GROUP00;ACTIVE;MRD;LeCroy2,large,pulses,,,,
519,MRD_x0_y7_z12,2,6,7,-2100,1,0,GROUP00;ACTIVE;MRD;LeCroy2,,,,,,
520,MRD_x0_y8_z12,2,6,8,-2100,1,0,GROUP00;ACTIVE;MRD;LeCroy2,,,,,,
521,MRD_x0_y9_z12,2,6,9,-2100,1,0,GROUP00;ACTIVE;MRD;LeCroy2,,,,,,
522,MRD_x0_y10_z12,2,6,10,-2100,1,0,GROUP00;ACTIVE;MRD;LeCroy2,,,,,,
523,MRD_x0_y11_z12,2,6,11,-2100,1,0,GROUP00;ACTIVE;MRD;LeCroy2,,,,,,
524,MRD_x0_y12_z12,2,6,12,-2100,1,0,GROUP00;ACTIVE;MRD;LeCroy2,,,,,,
525,CH_2_6_13,2,6,13,0,1,0,GROUP00;LeCroy2,,,,,,
526,CH_2_6_14,2,6,14,0,1,0,GROUP00;LeCroy2,,,,,,
527,CH_2_6_15,2,6,15,0,1,0,GROUP00;LeCroy2,,,,,,
528,MRD_x1_y0_z12,2,7,0,-2100,1,0,GROUP00;ACTIVE;MRD;LeCroy2,,,,,,
529,MRD_x1_y1_z12,2,7,1,-2100,1,0,GROUP00;ACTIVE;MRD;LeCroy2,,,,,,
530,MRD_x1_y2_z12,2,7,2,-2100,1,0,GROUP00;ACTIVE;MRD;LeCroy2,,,,,,
531,MRD_x1_y3_z12,2,7,3,-2100,1,0,GROUP00;ACTIVE;MRD;LeCroy2,,,,,,
532,MRD_x1_y4_z12,2,7,4,-2100,1,0,GROUP00;ACTIVE;MRD;LeCroy2,,,,,,
533,MRD_x1_y5_z12,2,7,5,-2100,1,0,GROUP00;ACTIVE;MRD;LeCroy2,,,,,,
534,MRD_x1_y6_z12,2,7,6,-2100,1,0,GROUP00;ACTIVE;MRD;LeCroy2,,,,,,
535,MRD_x1_y7_z12,2,7,7,-2100,1,0,GROUP00;ACTIVE;MRD;LeCroy2,,,,,,
536,MRD_x1_y8_z12,2,7,8,-2100,1,0,GROUP00;ACTIVE;MRD;LeCroy2,,,,,,
537,MRD_x1_y9_z12,2,7,9,-2100,1,0,GROUP00;ACTIVE;MRD;LeCroy2,,,,,,
538,MRD_x1_y10_z12,2,7,10,-2100,1,0,GROUP00;ACTIVE;MRD;LeCroy2,,,,,,
539,MRD_x1_y11_z12,2,7,11,-2100,1,0,GROUP00;ACTIVE;MRD;LeCroy2,,,,,,
540,MRD_x1_y12_z12,2,7,12,-2100,1,0,GROUP00;ACTIVE;MRD;LeCroy2,,,,,,
541,CH_2_7_13,2,7,13,0,1,0,GROUP00;LeCroy2,,,,,,
542,CH_2_7_14,2,7,14,0,1,0,GROUP00;LeCroy2,,,,,,
543,CH_2_7_15,2,7,15,0,1,0,GROUP00;LeCroy2,,,,,,
544,CH_2_8_0,2,8,0,0,1,0,GROUP00;LeCroy2,,,,,,
545,CH_2_8_1,2,8,1,0,1,0,GROUP00;LeCroy2,,,,,,
546,CH_2_8_2,2,8,2,0,1,0,GROUP00;LeCroy2,,,,,,
547,CH_2_8_3,2,8,3,0,1,0,GROUP00;LeCroy2,,,,,,
548,CH_2_8_4,2,8,4,0,1,0,GROUP00;LeCroy2,,,,,,
549,CH_2_8_5,2,8,5,0,1,0,GROUP00;LeCroy2,,,,,,
550,CH_2_8_6,2,8,6,0,1,0,GROUP00;LeCroy2,,,,,,
551,CH_2_8_7,2,8,7,0,1,0,GROUP00;LeCroy2,,,,,,
552,CH_2_8_8,2,8,8,0,1,0,GROUP00;LeCroy2,,,,,,
553,CH_2_8_9,2,8,9,0,1,0,GROUP00;LeCroy2,,,,,,
554,CH_2_8_10,2,8,10,0,1,0,GROUP00;LeCroy2,,,,,,
555,CH_2_8_11,2,8,11,0,1,0,GROUP00;LeCroy2,,,,,,
556,CH_2_8_12,2,8,12,0,1,0,GROUP00;LeCroy2,,,,,,
557,CH_2_8_13,2,8,13,0,1,0,GROUP00;LeCroy2,,,,,,
558,CH_2_8_14,2,8,14,0,1,0,GROUP00;LeCroy2,,,,,,
559,CH_2_8_15,2,8,15,0,1,0,GROUP00;LeCroy2,,,,,,
560,CH_2_9_0,2,9,0,0,1,0,GROUP00;LeCroy2,,,,,,
561,CH_2_9_1,2,9,1,0,1,0,GROUP00;LeCroy2,,,,,,
562,CH_2_9_2,2,9,2,0,1,0,GROUP00;LeCroy2,,,,,,
563,CH_2_9_3,2,9,3,0,1,0,GROUP00;LeCroy2,,,,,,
564,CH_2_9_4,2,9,4,0,1,0,GROUP00;LeCroy2,,,,,,
565,CH_2_9_5,2,9,5,0,1,0,GROUP00;LeCroy2,,,,,,
566,CH_2_9_6,2,9,6,0,1,0,GROUP00;LeCroy2,,,,,,
567,CH_2_9_7,2,9,7,0,1,0,GROUP00;LeCroy2,,,,,,
568,CH_2_9_8,2,9,8,0,1,0,GROUP00;LeCroy2,,,,,,
569,CH_2_9_9,2,9,9,0,1,0,GROUP00;LeCroy2,,,,,,
570,CH_2_9_10,2,9,10,0,1,0,GROUP00;LeCroy2,,,,,,
571,CH_2_9_11,2,9,11,0,1,0,GROUP00;LeCroy2,,,,,,
572,CH_2_9_12,2,9,12,0,1,0,GROUP00;LeCroy2,,,,,,
573,CH_2_9_13,2,9,13,0,1,0,GROUP00;LeCroy2,,,,,,
574,CH_2_9_14,2,9,14,0,1,0,GROUP00;LeCroy2,,,,,,
575,CH_2_9_15,2,9,15,0,1,0,GROUP00;LeCroy2,,,,,,
576,CH_2_10_0,2,10,0,0,1,0,GROUP00;LeCroy2,,,,,,
577,CH_2_10_1,2,10,1,0,1,0,GROUP00;LeCroy2,,,,,,
578,CH_2_10_2,2,10,2,0,1,0,GROUP00;LeCroy2,,,,,,
579,CH_2_10_3,2,10,3,0,1,0,GROUP00;LeCroy2,,,,,,
580,CH_2_10_4,2,10,4,0,1,0,GROUP00;LeCroy2,,,,,,
581,CH_2_10_5,2,10,5,0,1,0,GROUP00;LeCroy2,,,,,,
582,CH_2_10_6,2,10,6,0,1,0,GROUP00;LeCroy2,,,,,,
583,CH_2_10_7,2,10,7,0,1,0,GROUP00;LeCroy2,,,,,,
584,CH_2_10_8,2,10,8,0,1,0,GROUP00;LeCroy2,,,,,,
585,CH_2_10_9,2,10,9,0,1,0,GROUP00;LeCroy2,,,,,,
586,CH_2_10_10,2,10,10,0,1,0,GROUP00;LeCroy2,,,,,,
587,CH_2_10_11,2,10,11,0,1,0,GROUP00;LeCroy2,,,,,,
588,CH_2_10_12,2,10,12,0,1,0,GROUP00;LeCroy2,,,,,,
589,CH_2_10_13,2,10,13,0,1,0,GROUP00;LeCroy2,,,,,,
590,CH_2_10_14,2,10,14,0,1,0,GROUP00;LeCroy2,,,,,,
591,CH_2_10_15,2,10,15,0,1,0,GROUP00;LeCroy2,,,,,,
592,CH_2_11_0,2,11,0,0,1,0,GROUP00;LeCroy2,,,,,,
593,CH_2_11_1,2,11,1,0,1,0,GROUP00;LeCroy2,,,,,,
594,CH_2_11_2,2,11,2,0,1,0,GROUP00;LeCroy2,,,,,,
595,CH_2_11_3,2,11,3,0,1,0,GROUP00;LeCroy2,,,,,,
596,CH_2_11_4,2,11,4,0,1,0,GROUP00;LeCroy2,,,,,,
597,CH_2_11_5,2,11,5,0,1,0,GROUP00;LeCroy2,,,,,,
598,CH_2_11_6,2,11,6,0,1,0,GROUP00;LeCroy2,,,,,,
599,CH_2_11_7,2,11,7,0,1,0,GROUP00;LeCroy2,,,,,,
600,CH_2_11_8,2,11,8,0,1,0,GROUP00;LeCroy2,,,,,,
601,CH_2_11_9,2,11,9,0,1,0,GROUP00;LeCroy2,,,,,,
602,CH_2_11_10,2,11,10,0,1,0,GROUP00;LeCroy2,,,,,,
603,CH_2_11_11,2,11,11,0,1,0,GROUP00;LeCroy2,,,,,,
604,CH_2_11_12,2,11,12,0,1,0,GROUP00;LeCroy2,,,,,,
605,CH_2_11_13,2,11,13,0,1,0,GROUP00;LeCroy2,,,,,,
606,CH_2_11_14,2,11,14,0,1,0,GROUP00;LeCroy2,,,,,,
607,CH_2_11_15,2,11,15,0,1,0,GROUP00;LeCroy2,,,,,,
608,CH_2_12_0,2,12,0,0,1,0,GROUP00;LeCroy2,,,,,,
609,CH_2_12_1,2,12,1,0,1,0,GROUP00;LeCroy2,,,,,,
610,CH_2_12_2,2,12,2,0,1,0,GROUP00;LeCroy2,,,,,,
611,CH_2_12_3,2,12,3,0,1,0,GROUP00;LeCroy2,,,,,,
612,CH_2_12_4,2,12,4,0,1,0,GROUP00;LeCroy2,,,,,,
613,CH_2_12_5,2,12,5,0,1,0,GROUP00;LeCroy2,,,,,,
614,CH_2_12_6,2,12,6,0,1,0,GROUP00;LeCroy2,,,,,,
615,CH_2_12_7,2,12,7,0,1,0,GROUP00;LeCroy2,,,,,,
616,CH_2_12_8,2,12,8,0,1,0,GROUP00;LeCroy2,,,,,,
617,CH_2_12_9,2,12,9,0,1,0,GROUP00;LeCroy2,,,,,,
618,CH_2_12_10,2,12,10,0,1,0,GROUP00;LeCroy2,,,,,,
619,CH_2_12_11,2,12,11,0,1,0,GROUP00;LeCroy2,,,,,,
620,CH_2_12_12,2,12,12,0,1,0,GROUP00;LeCroy2,,,,,,
621,CH_2_12_13,2,12,13,0,1,0,GROUP00;LeCroy2,,,,,,
622,CH_2_12_14,2,12,14,0,1,0,GROUP00;LeCroy2,,,,,,
623,CH_2_12_15,2,12,15,0,1,0,GROUP00;LeCroy2,,,,,,
624,CH_2_13_0_BK,2,13,0,0,1,0,GROUP00;LeCroy2,,,,,,
625,CH_2_13_1,2,13,1,0,1,0,GROUP00;LeCroy2;Broken,,,,,,
626,CH_2_13_2,2,13,2,0,1,0,GROUP00;LeCroy2,,,,,,
627,CH_2_13_3,2,13,3,0,1,0,GROUP00;LeCroy2,,,,,,
628,CH_2_13_4,2,13,4,0,1,0,GROUP00;LeCroy2,,,,,,
629,CH_2_13_5,2,13,5,0,1,0,GROUP00;LeCroy2,,,,,,
630,CH_2_13_6,2,13,6,0,1,0,GROUP00;LeCroy2,,,,,,
631,CH_2_13_7,2,13,7,0,1,0,GROUP00;LeCroy2,,,,,,
632,CH_2_13_8,2,13,8,0,1,0,GROUP00;LeCroy2,,,,,,
633,CH_2_13_9,2,13,9,0,1,0,GROUP00;LeCroy2,,,,,,
634,CH_2_13_10,2,13,10,0,1,0,GROUP00;LeCroy2,,,,,,
635,CH_2_13_11,2,13,11,0,1,0,GROUP00;LeCroy2,,,,,,
636,CH_2_13_12,2,13,12,0,1,0,GROUP00;LeCroy2,,,,,,
637,CH_2_13_13,2,13,13,0,1,0,GROUP00;LeCroy2,,,,,,
638,CH_2_13_14,2,13,14,0,1,0,GROUP00;LeCroy2,,,,,,
639,CH_2_13_15,2,13,15,0,1,0,GROUP00;LeCroy2,,,,,,
640,MRD_x0_y0_z0,2,14,0,-1871,1,0,GROUP00;ACTIVE;MRD;LeCroy2,,,,,,
641,MRD_x0_y1_z0,2,14,1,-1838,1,0,GROUP00;ACTIVE;MRD;LeCroy2,,,,,,
642,MRD_x0_y2_z0,2,14,2,-1793,1,0,GROUP00;ACTIVE;MRD;LeCroy2,,,,,,
643,MRD_x0_y3_z0,2,14,3,-1806,1,0,GROUP00;ACTIVE;MRD;LeCroy2,,,,,,
644,MRD_x0_y4_z0,2,14,4,-1865,1,0,GROUP00;ACTIVE;MRD;LeCroy2,,,,,,
645,MRD_x0_y5_z0,2,14,5,-1823,1,0,GROUP00;ACTIVE;MRD;LeCroy2,,,,,,
646,MRD_x0_y6_z0,2,14,6,-1798,1,0,GROUP00;ACTIVE;MRD;LeCroy2,,,,,,
647,MRD_x0_y7_z0,2,14,7,-1823,1,0,GROUP00;ACTIVE;MRD;LeCroy2,,,,,,
648,MRD_x0_y8_z0,2,14,8,-1871,1,0,GROUP00;ACTIVE;MRD;LeCroy2,,,,,,
649,MRD_x0_y9_z0,2,14,9,-1836,1,0,GROUP00;ACTIVE;MRD;LeCroy2,,,,,,
650,MRD_x0_y10_z0,2,14,10,-1814,1,0,GROUP00;ACTIVE;MRD;LeCroy2,,,,,,
651,MRD_x0_y11_z0,2,14,11,-1781,1,0,GROUP00;ACTIVE;MRD;LeCroy2,,,,,,
652,MRD_x0_y12_z0,2,14,12,-1816,1,0,GROUP00;ACTIVE;MRD;LeCroy2,,,,,,
653,CH_2_14_13,2,14,13,0,1,0,GROUP00;LeCroy2,,,,,,
654,CH_2_14_14,2,14,14,0,1,0,GROUP00;LeCroy2,,,,,,
655,CH_2_14_15,2,14,15,0,1,0,GROUP00;LeCroy2,,,,,,
656,MRD_x1_y0_z0,2,15,0,-1805,1,0,GROUP00;ACTIVE;MRD;LeCroy2,,,,,,
657,MRD_x1_y1_z0,2,15,1,-1818,1,0,GROUP00;ACTIVE;MRD;LeCroy2,,,,,,
658,MRD_x1_y2_z0,2,15,2,-1860,1,0,GROUP00;ACTIVE;MRD;LeCroy2,,,,,,
659,MRD_x1_y3_z0,2,15,3,-1780,1,0,GROUP00;ACTIVE;MRD;LeCroy2,,,,,,
660,MRD_x1_y4_z0,2,15,4,-1841,1,0,GROUP00;ACTIVE;MRD;LeCroy2,,,,,,
661,MRD_x1_y5_z0,2,15,5,-1786,1,0,GROUP00;ACTIVE;MRD;LeCroy2,,,,,,
662,MRD_x1_y6_z0,2,15,6,-1864,1,0,GROUP00;ACTIVE;MRD;LeCroy2,,,,,,
663,MRD_x1_y7_z0,2,15,7,-1858,1,0,GROUP00;ACTIVE;MRD;LeCroy2,,,,,,
664,MRD_x1_y8_z0,2,15,8,-1876,1,0,GROUP00;ACTIVE;MRD;LeCroy2,,,,,,
665,MRD_x1_y9_z0,2,15,9,-1806,1,0,GROUP00;ACTIVE;MRD;LeCroy2,,,,,,
666,MRD_x1_y10_z0,2,15,10,-1853,1,0,GROUP00;ACTIVE;MRD;LeCroy2,,,,,,
667,MRD_x1_y11_z0,2,15,11,-1860,1,0,GROUP00;ACTIVE;MRD;LeCroy2,,,,,,
668,MRD_x1_y12_z0,2,15,12,-1844,1,0,GROUP00;ACTIVE;MRD;LeCroy2,,,,,,
669,CH_2_15_13,2,15,13,0,1,0,GROUP00;LeCroy2,,,,,,
670,CH_2_15_14,2,15,14,0,1,0,GROUP00;LeCroy2,,,,,,
671,CH_2_15_15,2,15,15,0,1,0,GROUP00;LeCroy2,,,,,,
